{
  "63021": true,
  "63022": true,
  "63023": true,
  "63024": true,
  "63025": true,
  "63026": true,
  "63027": true,
  "63028": true,
  "63029": true,
  "63030": true,
  "63031": true,
  "63032": true,
  "63033": true,
  "63034": true,
  "63035": true,
  "63036": true,
  "63037": true,
  "63038": true,
  "63039": true,
  "63040": true,
  "63041": true,
  "63042": true,
  "63043": true,
  "63044": true,
  "63045": true,
  "63046": true,
  "63047": true,
  "63048": true,
  "63049": true,
  "63050": true,
  "63051": true,
  "63052": true,
  "63053": true,
  "63054": true,
  "63055": true,
  "63056": true,
  "63057": true,
  "63058": true,
  "63059": true,
  "63060": true,
  "63061": true,
  "63062": true,
  "63063": true,
  "63064": true
}